ref,value,footprint,x_mm,y_mm,rotation,side
C201,22u,Capacitor_THT:CP_Radial_D8.0mm_P3.50mm,23.347,52.0,0.0,front
C202,8n2,Capacitor_THT:C_Disc_D5.0mm_W2.5mm_P5.00mm,51.5,95.0,0.0,front
C203,22u,Capacitor_THT:CP_Radial_D8.0mm_P3.50mm,35.347,52.0,0.0,front
C204,100n,Capacitor_THT:C_Disc_D5.0mm_W2.5mm_P5.00mm,60.5,95.0,0.0,front
C205,22u,Capacitor_THT:CP_Radial_D8.0mm_P3.50mm,46.347,52.0,0.0,front
C206,100n,Capacitor_THT:C_Disc_D5.0mm_W2.5mm_P5.00mm,69.5,95.0,0.0,front
C207,100n,Capacitor_THT:C_Disc_D5.0mm_W2.5mm_P5.00mm,22.5,102.0,0.0,front
C208,100n,Capacitor_THT:C_Disc_D5.0mm_W2.5mm_P5.00mm,32.5,102.0,0.0,front
C209,22u,Capacitor_THT:CP_Radial_D8.0mm_P3.50mm,57.347,52.0,0.0,front
C210,100n,Capacitor_THT:C_Disc_D5.0mm_W2.5mm_P5.00mm,42.5,102.0,0.0,front
C211,4700u/50V,Capacitor_THT:CP_Radial_D18.0mm_P7.50mm,26.522,21.0,0.0,front
C212,C_Polarized,Capacitor_THT:CP_Radial_D8.0mm_P3.50mm,69.347,52.0,0.0,front
C401,470u/25V,Capacitor_THT:CP_Radial_D8.0mm_P3.50mm,109.347,70.0,0.0,front
C402,22u,Capacitor_THT:CP_Radial_D8.0mm_P3.50mm,86.347,82.0,0.0,front
C403,100n,Capacitor_THT:C_Disc_D5.0mm_W2.5mm_P5.00mm,86.5,100.0,0.0,front
C404,47u,Capacitor_THT:CP_Radial_D8.0mm_P3.50mm,97.347,82.0,0.0,front
C405,1u,Capacitor_THT:C_Disc_D5.0mm_W2.5mm_P5.00mm,96.5,100.0,0.0,front
C501,22u,Capacitor_THT:CP_Radial_D8.0mm_P3.50mm,149.347,70.0,0.0,front
C502,100n,Capacitor_THT:C_Disc_D5.0mm_W2.5mm_P5.00mm,146.5,99.0,0.0,front
C503,47u,Capacitor_THT:CP_Radial_D8.0mm_P3.50mm,130.347,82.0,0.0,front
CV601,10n,Capacitor_THT:C_Disc_D5.0mm_W2.5mm_P5.00mm,166.5,12.0,0.0,front
CV602,10n,Capacitor_THT:C_Disc_D5.0mm_W2.5mm_P5.00mm,176.5,12.0,0.0,front
CV603,10n,Capacitor_THT:C_Disc_D5.0mm_W2.5mm_P5.00mm,165.5,17.0,0.0,front
D201,1N4148,Diode_THT:D_DO-35_SOD27_P7.62mm_Horizontal,44.19,121.0,0.0,front
D202,1N4148,Diode_THT:D_DO-35_SOD27_P7.62mm_Horizontal,61.19,121.0,0.0,front
D203,1N4007,Diode_THT:D_DO-41_SOD81_P10.16mm_Horizontal,20.92,82.0,0.0,front
D204,1N4007,Diode_THT:D_DO-41_SOD81_P10.16mm_Horizontal,35.92,82.0,0.0,front
D205,1N4006,Diode_THT:D_DO-41_SOD81_P10.16mm_Horizontal,50.92,82.0,0.0,front
D206,1N4006,Diode_THT:D_DO-41_SOD81_P10.16mm_Horizontal,65.92,82.0,0.0,front
D207,1N4007,Diode_THT:D_DO-41_SOD81_P10.16mm_Horizontal,20.92,88.0,0.0,front
D208,1N4006,Diode_THT:D_DO-41_SOD81_P10.16mm_Horizontal,35.92,88.0,0.0,front
D209,1N4006,Diode_THT:D_DO-41_SOD81_P10.16mm_Horizontal,50.92,88.0,0.0,front
D210,1N4006,Diode_THT:D_DO-41_SOD81_P10.16mm_Horizontal,65.92,88.0,0.0,front
D211,1N4006,Diode_THT:D_DO-41_SOD81_P10.16mm_Horizontal,21.92,95.0,0.0,front
D212,1N5817,Diode_THT:D_DO-41_SOD81_P10.16mm_Horizontal,36.92,95.0,0.0,front
D401,1N5822,Diode_THT:D_DO-201AD_P15.24mm_Horizontal,86.38,93.0,0.0,front
D402,1N4148,Diode_THT:D_DO-35_SOD27_P7.62mm_Horizontal,88.19,112.0,0.0,front
D403,1N4148,Diode_THT:D_DO-35_SOD27_P7.62mm_Horizontal,104.19,112.0,0.0,front
D501,1N5819,Diode_THT:D_DO-41_SOD81_P10.16mm_Horizontal,141.92,92.0,0.0,front
D502,1N4007,Diode_THT:D_DO-41_SOD81_P10.16mm_Horizontal,128.92,99.0,0.0,front
DV601,BZX55C3V0,Diode_THT:D_DO-35_SOD27_P7.62mm_Horizontal,177.19,43.0,0.0,front
DV602,BZX55C3V0,Diode_THT:D_DO-35_SOD27_P7.62mm_Horizontal,165.19,48.0,0.0,front
DV603,BZX55C3V0,Diode_THT:D_DO-35_SOD27_P7.62mm_Horizontal,177.19,48.0,0.0,front
J_15V101,+15V gate supply,TerminalBlock:TerminalBlock_bornier-2_P5.08mm,190.46,12.0,0.0,front
J_3PH101,3-phase in,TerminalBlock:TerminalBlock_bornier-3_P5.08mm,4.92,24.0,0.0,front
J_5V101,+5V supply,TerminalBlock:TerminalBlock_bornier-2_P5.08mm,190.46,28.0,0.0,front
J_ARD101,Arduino Nano,Connector_PinHeader_2.54mm:PinHeader_1x06_P2.54mm_Vertical,194.0,97.65,0.0,front
J_C2K101,C2000 LaunchPad,Connector_PinHeader_2.54mm:PinHeader_1x07_P2.54mm_Vertical,194.0,50.38,0.0,front
J_INA101,PV INA219,Connector_PinHeader_2.54mm:PinHeader_1x06_P2.54mm_Vertical,118.0,2.65,0.0,front
J_LOAD101,pulsing load,TerminalBlock:TerminalBlock_bornier-2_P5.08mm,135.46,124.0,0.0,front
J_MOT101,DC motor,TerminalBlock:TerminalBlock_bornier-2_P5.08mm,7.46,92.0,0.0,front
J_PV101,PV panel,TerminalBlock:TerminalBlock_bornier-2_P5.08mm,93.46,8.0,0.0,front
J_STO101,1F store,TerminalBlock:TerminalBlock_bornier-2_P5.08mm,137.46,8.0,0.0,front
L201,Spole terminal,TerminalBlock:TerminalBlock_bornier-2_P5.08mm,38.46,64.0,0.0,front
L401,150u,energy_system:L_Toroid_Vertical_L34.5mm_W15.0mm_P28.20mm_LaserPads,87.9,44.0,0.0,front
L501,470u,energy_system:L_Toroid_Vertical_L34.5mm_W15.0mm_P28.20mm_LaserPads,127.9,44.0,0.0,front
M501,IRF530,energy_system:TO-220-3_Vertical_LaserPads_GDS,128.46,92.95,0.0,front
Q201,IRF540N,energy_system:TO-220-3_Vertical_LaserPads,38.46,74.95,0.0,front
Q202,IRF530,energy_system:TO-220-3_Vertical_LaserPads_GDS,66.46,74.95,0.0,front
Q401,IRF530,energy_system:TO-220-3_Vertical_LaserPads_GDS,108.46,93.95,0.0,front
R201,10k,Resistor_THT:R_Axial_DIN0207_L6.3mm_D2.5mm_P7.62mm_Horizontal,53.19,102.0,0.0,front
R202,1k,Resistor_THT:R_Axial_DIN0207_L6.3mm_D2.5mm_P7.62mm_Horizontal,66.19,102.0,0.0,front
R203,10k,Resistor_THT:R_Axial_DIN0207_L6.3mm_D2.5mm_P7.62mm_Horizontal,21.19,108.0,0.0,front
R204,515,Resistor_THT:R_Axial_DIN0207_L6.3mm_D2.5mm_P7.62mm_Horizontal,33.19,108.0,0.0,front
R205,200,Resistor_THT:R_Axial_DIN0207_L6.3mm_D2.5mm_P7.62mm_Horizontal,44.19,108.0,0.0,front
R206,1k,Resistor_THT:R_Axial_DIN0207_L6.3mm_D2.5mm_P7.62mm_Horizontal,56.19,108.0,0.0,front
R207,200R,Resistor_THT:R_Axial_DIN0207_L6.3mm_D2.5mm_P7.62mm_Horizontal,68.19,108.0,0.0,front
R208,10,Resistor_THT:R_Axial_DIN0207_L6.3mm_D2.5mm_P7.62mm_Horizontal,21.19,115.0,0.0,front
R209,200R,Resistor_THT:R_Axial_DIN0207_L6.3mm_D2.5mm_P7.62mm_Horizontal,33.19,115.0,0.0,front
R210,1k,Resistor_THT:R_Axial_DIN0207_L6.3mm_D2.5mm_P7.62mm_Horizontal,44.19,115.0,0.0,front
R211,1k,Resistor_THT:R_Axial_DIN0207_L6.3mm_D2.5mm_P7.62mm_Horizontal,56.19,115.0,0.0,front
R212,10,Resistor_THT:R_Axial_DIN0207_L6.3mm_D2.5mm_P7.62mm_Horizontal,68.19,115.0,0.0,front
R213,1k,Resistor_THT:R_Axial_DIN0207_L6.3mm_D2.5mm_P7.62mm_Horizontal,27.19,121.0,0.0,front
R301,10k,Resistor_THT:R_Axial_DIN0207_L6.3mm_D2.5mm_P7.62mm_Horizontal,176.19,77.0,0.0,front
R302,2k,Resistor_THT:R_Axial_DIN0207_L6.3mm_D2.5mm_P7.62mm_Horizontal,164.19,86.0,0.0,front
R303,33k,Resistor_THT:R_Axial_DIN0207_L6.3mm_D2.5mm_P7.62mm_Horizontal,176.19,86.0,0.0,front
R304,1k,Resistor_THT:R_Axial_DIN0207_L6.3mm_D2.5mm_P7.62mm_Horizontal,164.19,92.0,0.0,front
R305,66k,Resistor_THT:R_Axial_DIN0207_L6.3mm_D2.5mm_P7.62mm_Horizontal,176.19,92.0,0.0,front
R401,200,Resistor_THT:R_Axial_DIN0207_L6.3mm_D2.5mm_P7.62mm_Horizontal,106.19,100.0,0.0,front
R402,1k,Resistor_THT:R_Axial_DIN0207_L6.3mm_D2.5mm_P7.62mm_Horizontal,85.19,106.0,0.0,front
R403,1k,Resistor_THT:R_Axial_DIN0207_L6.3mm_D2.5mm_P7.62mm_Horizontal,97.19,106.0,0.0,front
R404,10,Resistor_THT:R_Axial_DIN0207_L6.3mm_D2.5mm_P7.62mm_Horizontal,108.19,106.0,0.0,front
R501,200,Resistor_THT:R_Axial_DIN0207_L6.3mm_D2.5mm_P7.62mm_Horizontal,128.19,105.0,0.0,front
R502,1k,Resistor_THT:R_Axial_DIN0207_L6.3mm_D2.5mm_P7.62mm_Horizontal,144.19,105.0,0.0,front
R503,10,Resistor_THT:R_Axial_DIN0207_L6.3mm_D2.5mm_P7.62mm_Horizontal,128.19,111.0,0.0,front
R504,1k,Resistor_THT:R_Axial_DIN0207_L6.3mm_D2.5mm_P7.62mm_Horizontal,144.19,111.0,0.0,front
RV201,20k,Potentiometer_THT:Potentiometer_Bourns_3296W_Vertical,71.54,63.995,0.0,front
RV202,10k,Potentiometer_THT:Potentiometer_Bourns_3296W_Vertical,29.54,73.995,0.0,front
RV601,10k0,Resistor_THT:R_Axial_DIN0207_L6.3mm_D2.5mm_P7.62mm_Horizontal,175.19,17.0,0.0,front
RV602,1k00,Resistor_THT:R_Axial_DIN0207_L6.3mm_D2.5mm_P7.62mm_Horizontal,165.19,22.0,0.0,front
RV603,12k0,Resistor_THT:R_Axial_DIN0207_L6.3mm_D2.5mm_P7.62mm_Horizontal,177.19,22.0,0.0,front
RV604,2k00,Resistor_THT:R_Axial_DIN0207_L6.3mm_D2.5mm_P7.62mm_Horizontal,165.19,28.0,0.0,front
RV605,2k00,Resistor_THT:R_Axial_DIN0207_L6.3mm_D2.5mm_P7.62mm_Horizontal,177.19,28.0,0.0,front
RV606,1k00,Resistor_THT:R_Axial_DIN0207_L6.3mm_D2.5mm_P7.62mm_Horizontal,165.19,33.0,0.0,front
RV607,1k00,Resistor_THT:R_Axial_DIN0207_L6.3mm_D2.5mm_P7.62mm_Horizontal,177.19,33.0,0.0,front
RV608,1k00,Resistor_THT:R_Axial_DIN0207_L6.3mm_D2.5mm_P7.62mm_Horizontal,165.19,38.0,0.0,front
RV609,1k00,Resistor_THT:R_Axial_DIN0207_L6.3mm_D2.5mm_P7.62mm_Horizontal,177.19,38.0,0.0,front
R_STAR101,0R,Resistor_THT:R_Axial_DIN0207_L6.3mm_D2.5mm_P7.62mm_Horizontal,165.19,43.0,0.0,front
SW201,Switch,Button_Switch_THT:SW_DIP_SPSTx02_Slide_9.78x7.26mm_W7.62mm_P2.54mm,51.233,62.742,0.0,front
TP101,V1,Connector_PinHeader_2.54mm:PinHeader_1x01_P2.54mm_Vertical,165.0,104.0,0.0,front
TP102,STORE,Connector_PinHeader_2.54mm:PinHeader_1x01_P2.54mm_Vertical,169.0,104.0,0.0,front
TP103,LOAD,Connector_PinHeader_2.54mm:PinHeader_1x01_P2.54mm_Vertical,174.0,104.0,0.0,front
TP104,+5V_PWR,Connector_PinHeader_2.54mm:PinHeader_1x01_P2.54mm_Vertical,179.0,104.0,0.0,front
TP105,+3V3,Connector_PinHeader_2.54mm:PinHeader_1x01_P2.54mm_Vertical,183.0,104.0,0.0,front
TP106,+15V_GATE,Connector_PinHeader_2.54mm:PinHeader_1x01_P2.54mm_Vertical,165.0,110.0,0.0,front
TP107,GND,Connector_PinHeader_2.54mm:PinHeader_1x01_P2.54mm_Vertical,169.0,110.0,0.0,front
TP108,GND_MCU,Connector_PinHeader_2.54mm:PinHeader_1x01_P2.54mm_Vertical,174.0,110.0,0.0,front
TP109,PWM_MOTOR,Connector_PinHeader_2.54mm:PinHeader_1x01_P2.54mm_Vertical,179.0,110.0,0.0,front
TP110,PWM_BOOST,Connector_PinHeader_2.54mm:PinHeader_1x01_P2.54mm_Vertical,183.0,110.0,0.0,front
TP111,PWM_MPPT,Connector_PinHeader_2.54mm:PinHeader_1x01_P2.54mm_Vertical,165.0,116.0,0.0,front
TP112,ADC_V1,Connector_PinHeader_2.54mm:PinHeader_1x01_P2.54mm_Vertical,169.0,116.0,0.0,front
TP113,ADC_LOAD,Connector_PinHeader_2.54mm:PinHeader_1x01_P2.54mm_Vertical,174.0,116.0,0.0,front
TP114,ADC_STORE,Connector_PinHeader_2.54mm:PinHeader_1x01_P2.54mm_Vertical,179.0,116.0,0.0,front
TP115,MCU_V1,Connector_PinHeader_2.54mm:PinHeader_1x01_P2.54mm_Vertical,183.0,116.0,0.0,front
TP116,PV_SDA,Connector_PinHeader_2.54mm:PinHeader_1x01_P2.54mm_Vertical,169.0,122.0,0.0,front
TP117,PV_SCL,Connector_PinHeader_2.54mm:PinHeader_1x01_P2.54mm_Vertical,179.0,122.0,0.0,front
U201,LM7805,energy_system:TO-220-3_Vertical_LaserPads,52.46,74.95,0.0,front
U202,MCP601,Package_DIP:DIP-8_W7.62mm_LongPads,42.19,17.19,0.0,front
U203,NE555,Package_DIP:DIP-8_W7.62mm_LongPads,55.19,17.19,0.0,front
U204,ILD74,Package_DIP:DIP-8_W7.62mm_LongPads,68.19,17.19,0.0,front
U205,MCP601,Package_DIP:DIP-8_W7.62mm_LongPads,22.19,35.19,0.0,front
U206,IR2110,Package_DIP:DIP-14_W7.62mm_LongPads,36.38,42.81,90.0,front
U207,4N25,Package_DIP:DIP-6_W7.62mm_LongPads,23.19,61.46,0.0,front
U208,IR2110,Package_DIP:DIP-14_W7.62mm_LongPads,58.38,42.81,90.0,front
U301,MCP601,Package_DIP:DIP-8_W7.62mm_LongPads,164.19,60.19,0.0,front
U302,IL300,Package_DIP:DIP-8_W7.62mm_LongPads,176.19,60.19,0.0,front
U303,MCP601,Package_DIP:DIP-8_W7.62mm_LongPads,165.19,73.19,0.0,front
U401,CNY17,Package_DIP:DIP-6_W7.62mm_LongPads,107.19,79.46,0.0,front
U402,IR2110,Package_DIP:DIP-14_W7.62mm_LongPads,86.38,73.81,90.0,front
U501,CNY17,Package_DIP:DIP-6_W7.62mm_LongPads,143.19,79.46,0.0,front
U502,IR2110,Package_DIP:DIP-14_W7.62mm_LongPads,126.38,73.81,90.0,front
